<?xml version='1.0' encoding='UTF-8'?>
<odoo>
  <record id="studio_customization.lien_he_bang_theo_do_37c44044-2b6f-464c-9c7e-f7c6d0b00db7" model="ir.model.fields" context="{'studio': True}">
    <field name="complete_name" eval="False"/>
    <field name="compute" eval="False"/>
    <field name="copied" eval="True"/>
    <field name="depends" eval="False"/>
    <field name="domain">[]</field>
    <field name="field_description">Khách hàng</field>
    <field name="groups" eval="[(6, 0, [])]"/>
    <field name="help" eval="False"/>
    <field name="index" eval="False"/>
    <field name="model">x_bang_theo_doi</field>
    <field name="model_id" ref="studio_customization.bang_theo_doi_a932c34d-76b4-43a5-ad35-70ab73794fb7"/>
    <field name="name">x_studio_khch_hng</field>
    <field name="on_delete">set null</field>
    <field name="readonly" eval="False"/>
    <field name="related" eval="False"/>
    <field name="relation">res.partner</field>
    <field name="relation_field" eval="False"/>
    <field name="relation_table" eval="False"/>
    <field name="required" eval="False"/>
    <field name="selectable" eval="True"/>
    <field name="selection" eval="False"/>
    <field name="size" eval="False"/>
    <field name="state">manual</field>
    <field name="store" eval="True"/>
    <field name="tracking" eval="False"/>
    <field name="translate" eval="False"/>
    <field name="ttype">many2one</field>
  </record>
  <record id="studio_customization.lien_he_bang_theo_do_4eeaeb8c-5d59-46f0-b314-d2c3dc8dabd2" model="ir.model.fields" context="{'studio': True}">
    <field name="complete_name" eval="False"/>
    <field name="compute" eval="False"/>
    <field name="copied" eval="True"/>
    <field name="depends" eval="False"/>
    <field name="domain">[]</field>
    <field name="field_description">Người hạ</field>
    <field name="groups" eval="[(6, 0, [])]"/>
    <field name="help" eval="False"/>
    <field name="index" eval="False"/>
    <field name="model">x_bang_theo_doi</field>
    <field name="model_id" ref="studio_customization.bang_theo_doi_a932c34d-76b4-43a5-ad35-70ab73794fb7"/>
    <field name="name">x_studio_ngi_h</field>
    <field name="on_delete">set null</field>
    <field name="readonly" eval="False"/>
    <field name="related" eval="False"/>
    <field name="relation">res.partner</field>
    <field name="relation_field" eval="False"/>
    <field name="relation_table" eval="False"/>
    <field name="required" eval="False"/>
    <field name="selectable" eval="True"/>
    <field name="selection" eval="False"/>
    <field name="size" eval="False"/>
    <field name="state">manual</field>
    <field name="store" eval="True"/>
    <field name="tracking" eval="False"/>
    <field name="translate" eval="False"/>
    <field name="ttype">many2one</field>
  </record>
  <record id="studio_customization.lien_he_bang_theo_do_a1d10b68-9b17-47e6-8d0c-cb623f9a3928" model="ir.model.fields" context="{'studio': True}">
    <field name="complete_name" eval="False"/>
    <field name="compute" eval="False"/>
    <field name="copied" eval="True"/>
    <field name="depends" eval="False"/>
    <field name="domain">[]</field>
    <field name="field_description">Người hỗ trợ</field>
    <field name="groups" eval="[(6, 0, [])]"/>
    <field name="help" eval="False"/>
    <field name="index" eval="False"/>
    <field name="model">x_bang_theo_doi</field>
    <field name="model_id" ref="studio_customization.bang_theo_doi_a932c34d-76b4-43a5-ad35-70ab73794fb7"/>
    <field name="name">x_studio_ngi_h_tr</field>
    <field name="on_delete">set null</field>
    <field name="readonly" eval="False"/>
    <field name="related" eval="False"/>
    <field name="relation">res.partner</field>
    <field name="relation_field" eval="False"/>
    <field name="relation_table" eval="False"/>
    <field name="required" eval="False"/>
    <field name="selectable" eval="True"/>
    <field name="selection" eval="False"/>
    <field name="size" eval="False"/>
    <field name="state">manual</field>
    <field name="store" eval="True"/>
    <field name="tracking" eval="False"/>
    <field name="translate" eval="False"/>
    <field name="ttype">many2one</field>
  </record>
  <record id="studio_customization.lien_he_bang_theo_do_c56ac994-097a-4bed-bd1e-4d93cc7d9b27" model="ir.model.fields" context="{'studio': True}">
    <field name="complete_name" eval="False"/>
    <field name="compute" eval="False"/>
    <field name="copied" eval="True"/>
    <field name="depends" eval="False"/>
    <field name="domain">[]</field>
    <field name="field_description">Người lấy</field>
    <field name="groups" eval="[(6, 0, [])]"/>
    <field name="help" eval="False"/>
    <field name="index" eval="False"/>
    <field name="model">x_bang_theo_doi</field>
    <field name="model_id" ref="studio_customization.bang_theo_doi_a932c34d-76b4-43a5-ad35-70ab73794fb7"/>
    <field name="name">x_studio_ngi_ly</field>
    <field name="on_delete">set null</field>
    <field name="readonly" eval="False"/>
    <field name="related" eval="False"/>
    <field name="relation">res.partner</field>
    <field name="relation_field" eval="False"/>
    <field name="relation_table" eval="False"/>
    <field name="required" eval="False"/>
    <field name="selectable" eval="True"/>
    <field name="selection" eval="False"/>
    <field name="size" eval="False"/>
    <field name="state">manual</field>
    <field name="store" eval="True"/>
    <field name="tracking" eval="False"/>
    <field name="translate" eval="False"/>
    <field name="ttype">many2one</field>
  </record>
  <record id="studio_customization.name_bang_theo_doi_6f770f26-2628-4e55-8c71-f0309c1f0f99" model="ir.model.fields" context="{'studio': True}">
    <field name="complete_name" eval="False"/>
    <field name="compute" eval="False"/>
    <field name="copied" eval="True"/>
    <field name="depends" eval="False"/>
    <field name="domain">[]</field>
    <field name="field_description">Name</field>
    <field name="groups" eval="[(6, 0, [])]"/>
    <field name="help" eval="False"/>
    <field name="index" eval="False"/>
    <field name="model">x_bang_theo_doi</field>
    <field name="model_id" ref="studio_customization.bang_theo_doi_a932c34d-76b4-43a5-ad35-70ab73794fb7"/>
    <field name="name">x_name</field>
    <field name="on_delete" eval="False"/>
    <field name="readonly" eval="False"/>
    <field name="related" eval="False"/>
    <field name="relation" eval="False"/>
    <field name="relation_field" eval="False"/>
    <field name="relation_table" eval="False"/>
    <field name="required" eval="False"/>
    <field name="selectable" eval="True"/>
    <field name="selection" eval="False"/>
    <field name="size" eval="False"/>
    <field name="state">manual</field>
    <field name="store" eval="True"/>
    <field name="tracking">1</field>
    <field name="translate" eval="False"/>
    <field name="ttype">char</field>
  </record>
  <record id="studio_customization.new_hop_kiem_contact_92236886-2bcd-4302-be11-38e94ad500f2" model="ir.model.fields" context="{'studio': True}">
    <field name="complete_name" eval="False"/>
    <field name="compute" eval="False"/>
    <field name="copied" eval="True"/>
    <field name="depends" eval="False"/>
    <field name="domain">[]</field>
    <field name="field_description">Là Khách hàng</field>
    <field name="groups" eval="[(6, 0, [])]"/>
    <field name="help" eval="False"/>
    <field name="index" eval="False"/>
    <field name="model">res.partner</field>
    <field name="model_id" ref="base.model_res_partner"/>
    <field name="name">x_studio_l_cng_ty</field>
    <field name="on_delete" eval="False"/>
    <field name="readonly" eval="False"/>
    <field name="related" eval="False"/>
    <field name="relation" eval="False"/>
    <field name="relation_field" eval="False"/>
    <field name="relation_table" eval="False"/>
    <field name="required" eval="False"/>
    <field name="selectable" eval="True"/>
    <field name="selection" eval="False"/>
    <field name="size" eval="False"/>
    <field name="state">manual</field>
    <field name="store" eval="True"/>
    <field name="tracking" eval="False"/>
    <field name="translate" eval="False"/>
    <field name="ttype">boolean</field>
  </record>
  <record id="studio_customization.new_hop_kiem_contact_ed2907eb-093c-4806-bf19-6788891bbb0f" model="ir.model.fields" context="{'studio': True}">
    <field name="complete_name" eval="False"/>
    <field name="compute" eval="False"/>
    <field name="copied" eval="True"/>
    <field name="depends" eval="False"/>
    <field name="domain">[]</field>
    <field name="field_description">Là Tài xế</field>
    <field name="groups" eval="[(6, 0, [])]"/>
    <field name="help" eval="False"/>
    <field name="index" eval="False"/>
    <field name="model">res.partner</field>
    <field name="model_id" ref="base.model_res_partner"/>
    <field name="name">x_studio_l_ti_x</field>
    <field name="on_delete" eval="False"/>
    <field name="readonly" eval="False"/>
    <field name="related" eval="False"/>
    <field name="relation" eval="False"/>
    <field name="relation_field" eval="False"/>
    <field name="relation_table" eval="False"/>
    <field name="required" eval="False"/>
    <field name="selectable" eval="True"/>
    <field name="selection" eval="False"/>
    <field name="size" eval="False"/>
    <field name="state">manual</field>
    <field name="store" eval="True"/>
    <field name="tracking" eval="False"/>
    <field name="translate" eval="False"/>
    <field name="ttype">boolean</field>
  </record>
  <record id="studio_customization.new_lua_chon_bang_th_bb44f9bd-ff9a-4007-9010-0b03f323a12c" model="ir.model.fields" context="{'studio': True}">
    <field name="complete_name" eval="False"/>
    <field name="compute" eval="False"/>
    <field name="copied" eval="True"/>
    <field name="depends" eval="False"/>
    <field name="domain">[]</field>
    <field name="field_description">Loại hình</field>
    <field name="groups" eval="[(6, 0, [])]"/>
    <field name="help" eval="False"/>
    <field name="index" eval="False"/>
    <field name="model">x_bang_theo_doi</field>
    <field name="model_id" ref="studio_customization.bang_theo_doi_a932c34d-76b4-43a5-ad35-70ab73794fb7"/>
    <field name="name">x_studio_loi_hnh</field>
    <field name="on_delete" eval="False"/>
    <field name="readonly" eval="False"/>
    <field name="related" eval="False"/>
    <field name="relation" eval="False"/>
    <field name="relation_field" eval="False"/>
    <field name="relation_table" eval="False"/>
    <field name="required" eval="False"/>
    <field name="selectable" eval="True"/>
    <field name="selection">[('XK', 'XK'), ('NK', 'NK')]</field>
    <field name="size" eval="False"/>
    <field name="state">manual</field>
    <field name="store" eval="True"/>
    <field name="tracking" eval="False"/>
    <field name="translate" eval="False"/>
    <field name="ttype">selection</field>
  </record>
  <record id="studio_customization.new_ngay_bang_theo_d_3c632b77-e44f-44c2-890a-56006622928f" model="ir.model.fields" context="{'studio': True}">
    <field name="complete_name" eval="False"/>
    <field name="compute" eval="False"/>
    <field name="copied" eval="True"/>
    <field name="depends" eval="False"/>
    <field name="domain">[]</field>
    <field name="field_description">Ngày</field>
    <field name="groups" eval="[(6, 0, [])]"/>
    <field name="help" eval="False"/>
    <field name="index" eval="False"/>
    <field name="model">x_bang_theo_doi</field>
    <field name="model_id" ref="studio_customization.bang_theo_doi_a932c34d-76b4-43a5-ad35-70ab73794fb7"/>
    <field name="name">x_studio_ngy</field>
    <field name="on_delete" eval="False"/>
    <field name="readonly" eval="False"/>
    <field name="related" eval="False"/>
    <field name="relation" eval="False"/>
    <field name="relation_field" eval="False"/>
    <field name="relation_table" eval="False"/>
    <field name="required" eval="False"/>
    <field name="selectable" eval="True"/>
    <field name="selection" eval="False"/>
    <field name="size" eval="False"/>
    <field name="state">manual</field>
    <field name="store" eval="True"/>
    <field name="tracking" eval="False"/>
    <field name="translate" eval="False"/>
    <field name="ttype">date</field>
  </record>
  <record id="studio_customization.new_ngay_gio_bang_th_2ff7cfc2-8066-48d0-bb97-7f019df959ba" model="ir.model.fields" context="{'studio': True}">
    <field name="complete_name" eval="False"/>
    <field name="compute" eval="False"/>
    <field name="copied" eval="True"/>
    <field name="depends" eval="False"/>
    <field name="domain">[]</field>
    <field name="field_description">Giờ cut off</field>
    <field name="groups" eval="[(6, 0, [])]"/>
    <field name="help" eval="False"/>
    <field name="index" eval="False"/>
    <field name="model">x_bang_theo_doi</field>
    <field name="model_id" ref="studio_customization.bang_theo_doi_a932c34d-76b4-43a5-ad35-70ab73794fb7"/>
    <field name="name">x_studio_gi_cut_off</field>
    <field name="on_delete" eval="False"/>
    <field name="readonly" eval="False"/>
    <field name="related" eval="False"/>
    <field name="relation" eval="False"/>
    <field name="relation_field" eval="False"/>
    <field name="relation_table" eval="False"/>
    <field name="required" eval="False"/>
    <field name="selectable" eval="True"/>
    <field name="selection" eval="False"/>
    <field name="size" eval="False"/>
    <field name="state">manual</field>
    <field name="store" eval="True"/>
    <field name="tracking" eval="False"/>
    <field name="translate" eval="False"/>
    <field name="ttype">datetime</field>
  </record>
  <record id="studio_customization.new_so_thap_phan_ban_b9aa86d3-7d3a-482a-ac83-853ac0c56835" model="ir.model.fields" context="{'studio': True}">
    <field name="complete_name" eval="False"/>
    <field name="compute" eval="False"/>
    <field name="copied" eval="True"/>
    <field name="depends" eval="False"/>
    <field name="domain">[]</field>
    <field name="field_description">Chi phí</field>
    <field name="groups" eval="[(6, 0, [])]"/>
    <field name="help" eval="False"/>
    <field name="index" eval="False"/>
    <field name="model">x_bang_theo_doi</field>
    <field name="model_id" ref="studio_customization.bang_theo_doi_a932c34d-76b4-43a5-ad35-70ab73794fb7"/>
    <field name="name">x_studio_chi_ph</field>
    <field name="on_delete" eval="False"/>
    <field name="readonly" eval="False"/>
    <field name="related" eval="False"/>
    <field name="relation" eval="False"/>
    <field name="relation_field" eval="False"/>
    <field name="relation_table" eval="False"/>
    <field name="required" eval="False"/>
    <field name="selectable" eval="True"/>
    <field name="selection" eval="False"/>
    <field name="size" eval="False"/>
    <field name="state">manual</field>
    <field name="store" eval="True"/>
    <field name="tracking" eval="False"/>
    <field name="translate" eval="False"/>
    <field name="ttype">float</field>
  </record>
  <record id="studio_customization.new_van_ban_bang_the_350a31a1-9f2c-4152-9987-bbff0f608aef" model="ir.model.fields" context="{'studio': True}">
    <field name="complete_name" eval="False"/>
    <field name="compute" eval="False"/>
    <field name="copied" eval="True"/>
    <field name="depends" eval="False"/>
    <field name="domain">[]</field>
    <field name="field_description">Cont No.</field>
    <field name="groups" eval="[(6, 0, [])]"/>
    <field name="help" eval="False"/>
    <field name="index" eval="False"/>
    <field name="model">x_bang_theo_doi</field>
    <field name="model_id" ref="studio_customization.bang_theo_doi_a932c34d-76b4-43a5-ad35-70ab73794fb7"/>
    <field name="name">x_studio_cont_no</field>
    <field name="on_delete" eval="False"/>
    <field name="readonly" eval="False"/>
    <field name="related" eval="False"/>
    <field name="relation" eval="False"/>
    <field name="relation_field" eval="False"/>
    <field name="relation_table" eval="False"/>
    <field name="required" eval="False"/>
    <field name="selectable" eval="True"/>
    <field name="selection" eval="False"/>
    <field name="size" eval="False"/>
    <field name="state">manual</field>
    <field name="store" eval="True"/>
    <field name="tracking" eval="False"/>
    <field name="translate" eval="False"/>
    <field name="ttype">char</field>
  </record>
  <record id="studio_customization.new_van_ban_bang_the_3c2fdc72-17aa-4906-af97-b226bc0c3f50" model="ir.model.fields" context="{'studio': True}">
    <field name="complete_name" eval="False"/>
    <field name="compute" eval="False"/>
    <field name="copied" eval="True"/>
    <field name="depends" eval="False"/>
    <field name="domain">[]</field>
    <field name="field_description">Nơi hạ</field>
    <field name="groups" eval="[(6, 0, [])]"/>
    <field name="help" eval="False"/>
    <field name="index" eval="False"/>
    <field name="model">x_bang_theo_doi</field>
    <field name="model_id" ref="studio_customization.bang_theo_doi_a932c34d-76b4-43a5-ad35-70ab73794fb7"/>
    <field name="name">x_studio_ni_h</field>
    <field name="on_delete" eval="False"/>
    <field name="readonly" eval="False"/>
    <field name="related" eval="False"/>
    <field name="relation" eval="False"/>
    <field name="relation_field" eval="False"/>
    <field name="relation_table" eval="False"/>
    <field name="required" eval="False"/>
    <field name="selectable" eval="True"/>
    <field name="selection" eval="False"/>
    <field name="size" eval="False"/>
    <field name="state">manual</field>
    <field name="store" eval="True"/>
    <field name="tracking" eval="False"/>
    <field name="translate" eval="False"/>
    <field name="ttype">char</field>
  </record>
  <record id="studio_customization.new_van_ban_bang_the_5b56bbb7-9353-4111-bb75-7df5c893a367" model="ir.model.fields" context="{'studio': True}">
    <field name="complete_name" eval="False"/>
    <field name="compute" eval="False"/>
    <field name="copied" eval="True"/>
    <field name="depends" eval="False"/>
    <field name="domain">[]</field>
    <field name="field_description">Cont 40</field>
    <field name="groups" eval="[(6, 0, [])]"/>
    <field name="help" eval="False"/>
    <field name="index" eval="False"/>
    <field name="model">x_bang_theo_doi</field>
    <field name="model_id" ref="studio_customization.bang_theo_doi_a932c34d-76b4-43a5-ad35-70ab73794fb7"/>
    <field name="name">x_studio_cont_40</field>
    <field name="on_delete" eval="False"/>
    <field name="readonly" eval="False"/>
    <field name="related" eval="False"/>
    <field name="relation" eval="False"/>
    <field name="relation_field" eval="False"/>
    <field name="relation_table" eval="False"/>
    <field name="required" eval="False"/>
    <field name="selectable" eval="True"/>
    <field name="selection" eval="False"/>
    <field name="size" eval="False"/>
    <field name="state">manual</field>
    <field name="store" eval="True"/>
    <field name="tracking" eval="False"/>
    <field name="translate" eval="False"/>
    <field name="ttype">char</field>
  </record>
  <record id="studio_customization.new_van_ban_bang_the_83a26184-576f-48a2-9d97-5eea22170220" model="ir.model.fields" context="{'studio': True}">
    <field name="complete_name" eval="False"/>
    <field name="compute" eval="False"/>
    <field name="copied" eval="True"/>
    <field name="depends" eval="False"/>
    <field name="domain">[]</field>
    <field name="field_description">Nơi lấy</field>
    <field name="groups" eval="[(6, 0, [])]"/>
    <field name="help" eval="False"/>
    <field name="index" eval="False"/>
    <field name="model">x_bang_theo_doi</field>
    <field name="model_id" ref="studio_customization.bang_theo_doi_a932c34d-76b4-43a5-ad35-70ab73794fb7"/>
    <field name="name">x_studio_ni_ly</field>
    <field name="on_delete" eval="False"/>
    <field name="readonly" eval="False"/>
    <field name="related" eval="False"/>
    <field name="relation" eval="False"/>
    <field name="relation_field" eval="False"/>
    <field name="relation_table" eval="False"/>
    <field name="required" eval="False"/>
    <field name="selectable" eval="True"/>
    <field name="selection" eval="False"/>
    <field name="size" eval="False"/>
    <field name="state">manual</field>
    <field name="store" eval="True"/>
    <field name="tracking" eval="False"/>
    <field name="translate" eval="False"/>
    <field name="ttype">char</field>
  </record>
  <record id="studio_customization.new_van_ban_bang_the_ebfb704a-640a-4bd7-8662-4ff6d6a30b2b" model="ir.model.fields" context="{'studio': True}">
    <field name="complete_name" eval="False"/>
    <field name="compute" eval="False"/>
    <field name="copied" eval="True"/>
    <field name="depends" eval="False"/>
    <field name="domain">[]</field>
    <field name="field_description">Cont 20</field>
    <field name="groups" eval="[(6, 0, [])]"/>
    <field name="help" eval="False"/>
    <field name="index" eval="False"/>
    <field name="model">x_bang_theo_doi</field>
    <field name="model_id" ref="studio_customization.bang_theo_doi_a932c34d-76b4-43a5-ad35-70ab73794fb7"/>
    <field name="name">x_studio_cont_20</field>
    <field name="on_delete" eval="False"/>
    <field name="readonly" eval="False"/>
    <field name="related" eval="False"/>
    <field name="relation" eval="False"/>
    <field name="relation_field" eval="False"/>
    <field name="relation_table" eval="False"/>
    <field name="required" eval="False"/>
    <field name="selectable" eval="True"/>
    <field name="selection" eval="False"/>
    <field name="size" eval="False"/>
    <field name="state">manual</field>
    <field name="store" eval="True"/>
    <field name="tracking" eval="False"/>
    <field name="translate" eval="False"/>
    <field name="ttype">char</field>
  </record>
  <record id="studio_customization.new_van_ban_bang_the_f11dfa68-dbdb-472c-9dc9-3dadd5477850" model="ir.model.fields" context="{'studio': True}">
    <field name="complete_name" eval="False"/>
    <field name="compute" eval="False"/>
    <field name="copied" eval="True"/>
    <field name="depends" eval="False"/>
    <field name="domain">[]</field>
    <field name="field_description">Hãng tàu</field>
    <field name="groups" eval="[(6, 0, [])]"/>
    <field name="help" eval="False"/>
    <field name="index" eval="False"/>
    <field name="model">x_bang_theo_doi</field>
    <field name="model_id" ref="studio_customization.bang_theo_doi_a932c34d-76b4-43a5-ad35-70ab73794fb7"/>
    <field name="name">x_studio_hng_tu</field>
    <field name="on_delete" eval="False"/>
    <field name="readonly" eval="False"/>
    <field name="related" eval="False"/>
    <field name="relation" eval="False"/>
    <field name="relation_field" eval="False"/>
    <field name="relation_table" eval="False"/>
    <field name="required" eval="False"/>
    <field name="selectable" eval="True"/>
    <field name="selection" eval="False"/>
    <field name="size" eval="False"/>
    <field name="state">manual</field>
    <field name="store" eval="True"/>
    <field name="tracking" eval="False"/>
    <field name="translate" eval="False"/>
    <field name="ttype">char</field>
  </record>
  <record id="studio_customization.new_van_ban_nhieu_do_c4416426-0eec-4f1c-8e4d-d05c89d88648" model="ir.model.fields" context="{'studio': True}">
    <field name="complete_name" eval="False"/>
    <field name="compute" eval="False"/>
    <field name="copied" eval="True"/>
    <field name="depends" eval="False"/>
    <field name="domain">[]</field>
    <field name="field_description">Ghi chú</field>
    <field name="groups" eval="[(6, 0, [])]"/>
    <field name="help" eval="False"/>
    <field name="index" eval="False"/>
    <field name="model">x_bang_theo_doi</field>
    <field name="model_id" ref="studio_customization.bang_theo_doi_a932c34d-76b4-43a5-ad35-70ab73794fb7"/>
    <field name="name">x_studio_ghi_ch</field>
    <field name="on_delete" eval="False"/>
    <field name="readonly" eval="False"/>
    <field name="related" eval="False"/>
    <field name="relation" eval="False"/>
    <field name="relation_field" eval="False"/>
    <field name="relation_table" eval="False"/>
    <field name="required" eval="False"/>
    <field name="selectable" eval="True"/>
    <field name="selection" eval="False"/>
    <field name="size" eval="False"/>
    <field name="state">manual</field>
    <field name="store" eval="True"/>
    <field name="tracking" eval="False"/>
    <field name="translate" eval="False"/>
    <field name="ttype">text</field>
  </record>
  <record id="studio_customization.trinh_tu_bang_theo_d_4a6253f7-272b-4b0a-92a4-ef765fa3e8d7" model="ir.model.fields" context="{'studio': True}">
    <field name="complete_name" eval="False"/>
    <field name="compute" eval="False"/>
    <field name="copied" eval="True"/>
    <field name="depends" eval="False"/>
    <field name="domain">[]</field>
    <field name="field_description">Trình tự</field>
    <field name="groups" eval="[(6, 0, [])]"/>
    <field name="help" eval="False"/>
    <field name="index" eval="False"/>
    <field name="model">x_bang_theo_doi</field>
    <field name="model_id" ref="studio_customization.bang_theo_doi_a932c34d-76b4-43a5-ad35-70ab73794fb7"/>
    <field name="name">x_studio_sequence</field>
    <field name="on_delete" eval="False"/>
    <field name="readonly" eval="False"/>
    <field name="related" eval="False"/>
    <field name="relation" eval="False"/>
    <field name="relation_field" eval="False"/>
    <field name="relation_table" eval="False"/>
    <field name="required" eval="False"/>
    <field name="selectable" eval="True"/>
    <field name="selection" eval="False"/>
    <field name="size" eval="False"/>
    <field name="state">manual</field>
    <field name="store" eval="True"/>
    <field name="tracking" eval="False"/>
    <field name="translate" eval="False"/>
    <field name="ttype">integer</field>
  </record>
</odoo>
