<?xml version='1.0' encoding='UTF-8'?>
<odoo>
  <record id="studio_customization.bang_theo_doi_a932c34d-76b4-43a5-ad35-70ab73794fb7" model="ir.model" context="{'studio': True}">
    <field name="info"> Main super-class for regular database-persisted Odoo models.

    Odoo models are created by inheriting from this class::

        class user(Model):
            ...

    The system will later instantiate the class once per database (on
    which the class' module is installed).
    </field>
    <field name="is_mail_thread" eval="True"/>
    <field name="is_mail_activity" eval="True"/>
    <field name="model">x_bang_theo_doi</field>
    <field name="name">Bảng theo dõi</field>
    <field name="state">manual</field>
    <field name="transient" eval="False"/>
  </record>
</odoo>
