<?xml version='1.0' encoding='UTF-8'?>
<odoo>
  <record id="fleet.fleet_configuration" model="ir.ui.menu" context="{'studio': True}">
    <field name="action" eval="False"/>
    <field name="active" eval="True"/>
    <field name="groups_id" eval="[(6, 0, [ref('fleet.fleet_group_manager')])]"/>
    <field name="name">Cấu hình</field>
    <field name="parent_id" ref="fleet.menu_root"/>
    <field name="sequence">3</field>
    <field name="web_icon" eval="False"/>
  </record>
  <record id="fleet.fleet_vehicles" model="ir.ui.menu" context="{'studio': True}">
    <field name="action" eval="False"/>
    <field name="active" eval="True"/>
    <field name="groups_id" eval="[(6, 0, [ref('fleet.fleet_group_user')])]"/>
    <field name="name">Phương tiện</field>
    <field name="parent_id" ref="fleet.menu_root"/>
    <field name="sequence">1</field>
    <field name="web_icon" eval="False"/>
  </record>
  <record id="fleet.menu_fleet_reporting" model="ir.ui.menu" context="{'studio': True}">
    <field name="action" eval="False"/>
    <field name="active" eval="True"/>
    <field name="groups_id" eval="[(6, 0, [ref('fleet.fleet_group_manager')])]"/>
    <field name="name">Báo cáo</field>
    <field name="parent_id" ref="fleet.menu_root"/>
    <field name="sequence">2</field>
    <field name="web_icon" eval="False"/>
  </record>
  <record id="studio_customization.oi_phuong_tien_bang__06f8e0b3-a335-4749-a639-ec22d2792903" model="ir.ui.menu" context="{'studio': True}">
    <field name="action" ref="studio_customization.bang_theo_doi_27e16274-8f77-4ece-bf66-41703b8e7e48"/>
    <field name="active" eval="True"/>
    <field name="groups_id" eval="[(6, 0, [])]"/>
    <field name="name">Bảng theo dõi</field>
    <field name="parent_id" ref="fleet.menu_root"/>
    <field name="sequence" eval="False"/>
    <field name="web_icon" eval="False"/>
  </record>
</odoo>
